dataset,labeling_mechanism,pu_ratio,runs,roc_auc_ALMPU,roc_auc_LBE,ap_ALMPU,ap_LBE,f1_ALMPU,f1_LBE,std_roc_auc_ALMPU,std_roc_auc_LBE,std_ap_ALMPU,std_ap_LBE,std_f1_ALMPU,std_f1_LBE,roc_auc_diff,ap_diff,f1_diff
SCALED_CARDIO,SCAR,0.25,10,0.9875669108993584,0.9841710641205724,0.9405307787177982,0.8987185255346299,0.9025394437567561,0.8664787090392888,0.009186976422106388,0.012946051006909928,0.0372168443770315,0.0463181696262127,0.04278874295037236,0.05062652364198873,0.003395846778786016,0.04181225318316828,0.03606073471746729
SCALED_CARDIO,SCAR,0.5,10,0.966459132151399,0.9763904179795757,0.8884257455553577,0.8784315110518884,0.8443932281604486,0.8378740719381621,0.022712097996677373,0.01521462151740764,0.04766339342281908,0.046077342831933016,0.05114905519638219,0.0380898753159413,-0.009931285828176706,0.009994234503469257,0.006519156222286493
SCALED_CARDIO,SCAR,0.75,10,0.9097414676739684,0.9484681674955393,0.7357994198827966,0.7896612253120672,0.7052252317558788,0.7505347877059657,0.028735084608753462,0.01814692837334556,0.07578090284820738,0.05707533917492401,0.07620772934526052,0.04753244007519767,-0.038726699821570953,-0.05386180542927055,-0.0453095559500869
SCALED_CARDIO,SAR,0.25,10,0.9737595383622489,0.9791010212216698,0.9183035910151707,0.8826285480219344,0.8858144424326444,0.8593643119394934,0.0317380636184649,0.014239058134086192,0.06929058162883608,0.04145151120887733,0.060444883933860646,0.047342505759979205,-0.005341482859420821,0.03567504299323632,0.026450130493151036
SCALED_CARDIO,SAR,0.5,10,0.9523537451121825,0.9662712121787328,0.8638741374238152,0.8636732883377258,0.8385499311392763,0.8285340353177812,0.03916314292926236,0.019456562352059243,0.0696170999112342,0.06001470018908434,0.06560933773865597,0.06347847670615248,-0.013917467066550282,0.00020084908608941632,0.010015895821495091
SCALED_CARDIO,SAR,0.75,10,0.9109676929501538,0.9354978930184883,0.750878514079621,0.7787953921292103,0.7162145685060629,0.7518979601729928,0.05994106354427252,0.033306681203242844,0.11160186734256558,0.08038639332177883,0.08786110856877527,0.06596550834627055,-0.024530200068334507,-0.02791687804958931,-0.03568339166692991
SCALED_CLIMATE,SCAR,0.25,10,0.49527027027027026,0.8134169884169884,0.19818683264832543,0.26887544616161596,0.2899612087259146,0.4088384190041136,0.16940850329334814,0.045640909738212256,0.11356916349957158,0.06301557444311677,0.10928819430233473,0.0562735886836377,-0.31814671814671813,-0.07068861351329053,-0.11887721027819903
SCALED_CLIMATE,SCAR,0.5,10,0.41438223938223934,0.7948359073359074,0.14981698915091976,0.25402076739541407,0.251756771140636,0.3876287570566085,0.2118334577361754,0.059821207386601245,0.07895773695250663,0.07021757627120734,0.11362106454872845,0.06914652765515701,-0.38045366795366803,-0.10420377824449431,-0.1358719859159725
SCALED_CLIMATE,SCAR,0.75,10,0.39831081081081077,0.7076254826254826,0.10318288705699916,0.22064228936761596,0.18868348427121753,0.3327969437808845,0.13453320352026174,0.10441803052321524,0.0515592533827998,0.08361129618735036,0.03335715064790922,0.08228450700117218,-0.30931467181467187,-0.1174594023106168,-0.14411345950966695
SCALED_CLIMATE,SAR,0.25,10,0.4918436293436293,0.7838803088803089,0.1875315749012117,0.2524968338682602,0.29963630070606195,0.3850886726066864,0.19298639550727845,0.03946841833888247,0.10665203362142371,0.05333326719037378,0.14521328961306942,0.06241377464940363,-0.2920366795366796,-0.06496525896704852,-0.08545237190062444
SCALED_CLIMATE,SAR,0.5,10,0.4348938223938224,0.7506274131274131,0.16439522453252464,0.24007299873141377,0.2652117013946888,0.3723078138883828,0.1679820883684474,0.0584408998364005,0.08922032404985782,0.06156206831672901,0.10983708294602884,0.07436442800012534,-0.3157335907335907,-0.07567777419888913,-0.107096112493694
SCALED_CLIMATE,SAR,0.75,10,0.3937741312741313,0.740492277992278,0.1241943635213864,0.241338261670206,0.21106996521440818,0.35281928917289285,0.14935254327230627,0.05656325816131019,0.06261164058398766,0.08960217578808462,0.08038648353678433,0.08283062826079113,-0.3467181467181467,-0.1171438981488196,-0.14174932395848466
SCALED_COVER,SCAR,0.25,10,0.97137822671156,0.9957934904601572,0.892791419714623,0.9165513146171775,0.9159249204632964,0.8963717622755443,0.04505141214211573,0.0047018441005157825,0.07174207412251711,0.06668456769744772,0.0423889333590031,0.06877933377268293,-0.02441526374859715,-0.02375989490255459,0.019553158187752162
SCALED_COVER,SCAR,0.5,10,0.9767901234567902,0.9968978675645342,0.887993627006707,0.9057664688002637,0.907134224229608,0.8943528523756555,0.05376912060111394,0.0030808947362570387,0.08779632441813376,0.06882100123614408,0.0555284452917729,0.06181084952408572,-0.020107744107744074,-0.01777284179355665,0.01278137185395245
SCALED_COVER,SCAR,0.75,10,0.8834029180695847,0.9848484848484848,0.6980480027069118,0.8421453553692683,0.7417793285146226,0.8289021899700432,0.25421318750406324,0.03020117284360696,0.23437308165622844,0.13362065967543532,0.2054829251286528,0.10298362752969559,-0.10144556677890004,-0.14409735266235646,-0.08712286145542059
SCALED_COVER,SAR,0.25,10,0.9901705948372616,0.9971492704826039,0.9229610202294719,0.9291966362429107,0.9309306637004078,0.9048097974822114,0.018989835458646014,0.0032667281216913605,0.044069600611327316,0.03723859101934437,0.032249931850435086,0.05959265361669339,-0.00697867564534238,-0.006235616013438805,0.026120866218196426
SCALED_COVER,SAR,0.5,10,0.964516273849607,0.9935578002244669,0.8661257965742937,0.9096707901658885,0.8934282332836281,0.8964655172413794,0.06569438994558391,0.006360766648781796,0.09314129251137258,0.05767124321947861,0.056208585006026275,0.06291405469652726,-0.029041526374859905,-0.043544993591594805,-0.003037283957751269
SCALED_COVER,SAR,0.75,10,0.7573423120089786,0.9561795735129068,0.5984307720397063,0.7577208640828228,0.6900633475597242,0.7843875661375661,0.24296683750674664,0.05404318104431894,0.22171566335059464,0.13702662039062385,0.18026816362380357,0.10940947777524405,-0.19883726150392822,-0.1592900920431165,-0.0943242185778419
SCALED_LETTER,SCAR,0.25,10,0.7616962962962963,0.7777296296296297,0.37706380047636634,0.18682291192954711,0.45341201829875555,0.3279884334848484,0.09862126793265752,0.0494332952396486,0.12959897261503792,0.030966677363827137,0.10589712856346349,0.05175755973337691,-0.016033333333333344,0.19024088854681923,0.12542358481390714
SCALED_LETTER,SCAR,0.5,10,0.6960407407407407,0.7328111111111111,0.32314814624408755,0.19525056841653496,0.4084552028038659,0.3303890694028818,0.12496549799717305,0.07084093146262473,0.14637982050595394,0.052804512757667524,0.13545093577598108,0.07249427057535913,-0.03677037037037034,0.1278975778275526,0.07806613340098406
SCALED_LETTER,SCAR,0.75,10,0.5706,0.684637037037037,0.2028509085844626,0.19694684572587104,0.2640921938779619,0.3004668671956305,0.12761432833432185,0.06966659293822385,0.07698211738138075,0.07842709593234773,0.08940640341142345,0.07455610961092544,-0.11403703703703705,0.005904062858591574,-0.03637467331766858
SCALED_LETTER,SAR,0.25,10,0.8048666666666667,0.7805777777777778,0.43392568087832045,0.19524223796258183,0.4769137380534535,0.3419675853984373,0.11117338200181592,0.054251356044599894,0.12384373553754968,0.03313817349115404,0.11130423482836212,0.04570701048014896,0.024288888888888915,0.23868344291573862,0.1349461526550162
SCALED_LETTER,SAR,0.5,10,0.8058888888888889,0.7667592592592593,0.3980966742472627,0.19956536278877968,0.45126130699858535,0.34202645334356296,0.0727867835975994,0.056075936631547384,0.13170357521394382,0.045061711005778216,0.09512049284987092,0.05882535881447799,0.039129629629629625,0.19853131145848302,0.10923485365502239
SCALED_LETTER,SAR,0.75,10,0.5561814814814815,0.6738999999999999,0.1582593349004743,0.17424245927133367,0.2277739986718081,0.2820328347369642,0.08264372081872648,0.04241161066020569,0.0784853193408211,0.029677605528218395,0.0908631220296076,0.044813504553690854,-0.11771851851851844,-0.01598312437085936,-0.054258836065156135
SCALED_MAMMOGRAPHY,SCAR,0.25,10,0.9533718351303279,0.952157491381014,0.6720588701834109,0.4551639958152691,0.7021267942259701,0.5808607732976483,0.020677732671904824,0.020760903868668048,0.04641763018201639,0.0902995264188603,0.03843295721270262,0.06244198107683579,0.0012143437493138398,0.2168948743681418,0.12126602092832184
SCALED_MAMMOGRAPHY,SCAR,0.5,10,0.9657238850216299,0.9524133160587628,0.6353740033008263,0.5196070673812183,0.6806520560962992,0.6135134324946578,0.01669798644092795,0.02274269835870128,0.09634629322771211,0.13800433159428052,0.06760664455065746,0.09933370851015814,0.013310568962867086,0.11576693591960796,0.06713862360164136
SCALED_MAMMOGRAPHY,SCAR,0.75,10,0.9305694020509894,0.9498221304815653,0.5797918376088822,0.5702709787194605,0.645454647135108,0.624672409828779,0.03621797334875987,0.02258057304700835,0.07931821414422083,0.15459689745969832,0.08211147304656222,0.10063314266309213,-0.019252728430575905,0.009520858889421668,0.020782237306329
SCALED_MAMMOGRAPHY,SAR,0.25,10,0.915230900985968,0.9475910757811985,0.6156569870825824,0.4774979892279448,0.6781009995382036,0.5617938192275721,0.03817283084471779,0.022612926072218566,0.09177482498622162,0.12210309132475647,0.06130738489115922,0.06843718709865296,-0.032360174795230456,0.13815899785463764,0.11630718031063147
SCALED_MAMMOGRAPHY,SAR,0.5,10,0.9001734776784733,0.9495179955642417,0.5459604589763476,0.5583941378076049,0.6318166774102056,0.6055837659911232,0.04599142365840328,0.02639337776036173,0.09816326213052334,0.1229624566267786,0.07532904086275063,0.07997582167898677,-0.049344517885768324,-0.012433678831257344,0.02623291141908246
SCALED_MAMMOGRAPHY,SAR,0.75,10,0.8062913107446364,0.9279540613540043,0.4175160988271647,0.533928037011546,0.5452773116475325,0.5649516392826837,0.11129466231688454,0.046914745833269066,0.17296888690547135,0.10836344326774747,0.1296534269550059,0.06609123945998176,-0.12166275060936782,-0.11641193818438134,-0.0196743276351512
SCALED_PIECHART,SCAR,0.25,10,0.22091324200913243,0.688675799086758,0.03755949497529709,0.09907320248648112,0.08202326891845751,0.21646739775503437,0.08567234433810511,0.11606935092739047,0.06265108665779989,0.055987978096208764,0.0918112696638537,0.09645429534991223,-0.4677625570776256,-0.061513707511184026,-0.13444412883657686
SCALED_PIECHART,SCAR,0.5,10,0.27936073059360733,0.6071689497716896,0.029156349963653582,0.0679618141308809,0.07788983464850474,0.15366218847188684,0.11318774169830872,0.17181171233357403,0.03185149905054422,0.046502692130506305,0.0771538776408331,0.0858269768486169,-0.3278082191780822,-0.03880546416722731,-0.0757723538233821
SCALED_PIECHART,SCAR,0.75,10,0.3452054794520548,0.4092694063926941,0.03428475795309346,0.08527875686102956,0.09586406187364294,0.17097190741403318,0.1515425374548886,0.23073025674150813,0.028255960774032196,0.10705576998287757,0.0788605124234603,0.16816000023338892,-0.06406392694063928,-0.05099399890793611,-0.07510784554039024
SCALED_PIECHART,SAR,0.25,10,0.3363470319634703,0.6688584474885845,0.04677836075676877,0.0917592529232254,0.10213257568300153,0.22716124039894528,0.12697753589247307,0.10639341263532724,0.06281844824701761,0.05354260097403536,0.10359888042849488,0.11100607835484647,-0.33251141552511415,-0.04498089216645663,-0.12502866471594376
SCALED_PIECHART,SAR,0.5,10,0.36602739726027395,0.6085844748858448,0.05284381743665745,0.07696262348878577,0.14592487953196365,0.17639273287099372,0.18297170776978844,0.13677470551211418,0.050620143517312206,0.05023612759706731,0.1316742201354291,0.08845525713657808,-0.24255707762557083,-0.024118806052128322,-0.03046785333903007
SCALED_PIECHART,SAR,0.75,10,0.3518721461187214,0.5250228310502283,0.0235432970014351,0.05699506452623073,0.06236573275290811,0.15540644205706794,0.1263439505638176,0.11628989451043725,0.009915804196948206,0.0331315407049191,0.029239753840044878,0.0823932370541433,-0.17315068493150687,-0.03345176752479563,-0.09304070930415984
SCALED_PIZZACUTTER,SCAR,0.25,10,0.5804644808743169,0.7695696721311476,0.27706688937271245,0.25222584346219834,0.41913973214291395,0.4082780446990973,0.17275303414494536,0.09089592116222847,0.07468285793355478,0.04827813712357623,0.09021820718204905,0.06016189188742506,-0.18910519125683067,0.024841045910514115,0.010861687443816659
SCALED_PIZZACUTTER,SCAR,0.5,10,0.5132001366120218,0.6935450819672131,0.24358264404538515,0.22149605857116655,0.32554894894195324,0.3527300382614328,0.16273595614444158,0.082755237257424,0.12020730361414271,0.07972543920925387,0.10792647693687482,0.09732167989603248,-0.1803449453551913,0.0220865854742186,-0.027181089319479546
SCALED_PIZZACUTTER,SCAR,0.75,10,0.5359460382513661,0.6216017759562842,0.17562453399015,0.2133801776013997,0.2600817766338148,0.31023714753671644,0.17013804620224093,0.08267623867989823,0.07918567435010361,0.07469448594680811,0.08198453343549136,0.09614482085990884,-0.08565573770491808,-0.03775564361124972,-0.05015537090290162
SCALED_PIZZACUTTER,SAR,0.25,10,0.7195013661202185,0.7606045081967213,0.3354018652572302,0.22382901085734544,0.4302111461876302,0.37943424704626716,0.1790981565885916,0.07756177075365045,0.13426655046677713,0.045647407800126646,0.12039846075143901,0.05579103360704508,-0.041103142076502786,0.11157285439988476,0.05077689914136302
SCALED_PIZZACUTTER,SAR,0.5,10,0.6108435792349727,0.7217725409836065,0.24313685000099766,0.2269179965994287,0.3568163526058263,0.3609041663340597,0.18443038351395666,0.08605115579315142,0.12514293861772796,0.07144178515152529,0.1279141998983383,0.0727746159061371,-0.11092896174863387,0.01621885340156895,-0.004087813728233414
SCALED_PIZZACUTTER,SAR,0.75,10,0.5068989071038251,0.6532445355191256,0.18418963469625313,0.21009119446864277,0.2553481297149013,0.33723389551041083,0.20152966693497393,0.08957117923555437,0.07538020477463754,0.08053979333450136,0.07618289078090422,0.09740919716426806,-0.14634562841530052,-0.025901559772389643,-0.08188576579550955
SCALED_POKER,SCAR,0.25,10,0.7466869918699187,0.5163008130081301,0.10777784595085435,0.08042449524306394,0.1931288166630184,0.17848339134527502,0.12490281803306214,0.09152792064360697,0.15676653010876365,0.07528825842974673,0.16063821174491982,0.10526310400329021,0.23038617886178858,0.027353350707790408,0.014645425317743377
SCALED_POKER,SCAR,0.5,10,0.6233130081300813,0.5204065040650406,0.06340804161524607,0.08957194076032483,0.1485511697418396,0.16980735584307782,0.11794375482439175,0.09203909964640113,0.05067127038653299,0.09566240063897172,0.09781047008883675,0.10366839860277839,0.10290650406504065,-0.02616389914507876,-0.021256186101238222
SCALED_POKER,SCAR,0.75,10,0.5805691056910569,0.5217276422764228,0.057865594868161216,0.09307755615801612,0.12155657241707644,0.17033610524322595,0.08435452908362402,0.09012777925992534,0.056620805193020755,0.06764187344047613,0.098453145805169,0.09962379991829534,0.05884146341463414,-0.035211961289854904,-0.04877953282614951
SCALED_POKER,SAR,0.25,10,0.754329268292683,0.48119918699187,0.08292822754616205,0.06928736185887413,0.1874378056501413,0.16260159557576923,0.13360358191984706,0.08101923064504207,0.054525751774186955,0.0678475309310469,0.08715035395402837,0.13003656402226962,0.273130081300813,0.013640865687287923,0.02483621007437206
SCALED_POKER,SAR,0.5,10,0.5909959349593497,0.4745121951219512,0.05190975512008138,0.06511463900399508,0.1311266782979587,0.14870731206753693,0.11810387221680774,0.08633489862201746,0.048785975993810654,0.061202973869613216,0.10896869067634102,0.08976310257094582,0.11648373983739846,-0.013204883883913707,-0.01758063376957822
SCALED_POKER,SAR,0.75,10,0.5353455284552846,0.46150406504065045,0.02208447954927825,0.050137322528132765,0.06953449286287519,0.10718555187489379,0.07611006595595468,0.0927520483467301,0.011251422882795912,0.061899974693695514,0.04880604914775198,0.10176504485106806,0.07384146341463416,-0.028052842978854516,-0.037651059012018595
SCALED_SATELLITE,SCAR,0.25,10,0.8899956944273588,0.9844107516299667,0.7024039378958491,0.8145361997602649,0.734983664915015,0.7830096898517952,0.12394281935321137,0.009976135273086932,0.09852599392019014,0.060373491741814056,0.052895745532840086,0.058063213027644826,-0.0944150572026079,-0.11213226186441583,-0.04802602493678021
SCALED_SATELLITE,SCAR,0.5,10,0.8478472136794194,0.9700162996678557,0.6349413064371952,0.7660924953857078,0.6966961252327106,0.7517787080918382,0.14857614203147682,0.023771773963741135,0.09955829107686939,0.10294468969765444,0.05485749563221243,0.0644561121049527,-0.12216908598843634,-0.13115118894851263,-0.05508258285912759
SCALED_SATELLITE,SCAR,0.75,10,0.676365481609054,0.8366188953130766,0.4367813761236481,0.38690666497299836,0.5462032432812014,0.47395283521856213,0.20411737968607907,0.07801178893913811,0.16593887697920093,0.14784120631280356,0.11857609166461038,0.13848079112072315,-0.16025341370402268,0.04987471115064973,0.07225040806263927
SCALED_SATELLITE,SAR,0.25,10,0.8640069504244063,0.9875123016361176,0.6877452732545142,0.8185983911551011,0.7256642228534725,0.7794000299690902,0.14224232746156515,0.009126231169636538,0.1279919591462106,0.054424907357012435,0.06861542105142962,0.06135329847567391,-0.12350535121171125,-0.13085311790058696,-0.05373580711561765
SCALED_SATELLITE,SAR,0.5,10,0.8634149341862468,0.973711403616681,0.6221360171803779,0.813581277647643,0.6819331580743873,0.7872424352473313,0.1600539557092872,0.028784546336054092,0.1494260687749444,0.06328993594222178,0.08352978054634419,0.049021734842778455,-0.11029646943043414,-0.19144526046726507,-0.10530927717294403
SCALED_SATELLITE,SAR,0.75,10,0.5493080329683848,0.8463187353918071,0.27362021637715295,0.42651502182092216,0.3441036254111546,0.49285626344310013,0.30203368335682934,0.06384537532410285,0.2528540322400968,0.14946807541021015,0.22415616953153922,0.12324048815475738,-0.2970107024234223,-0.1528948054437692,-0.14875263803194555
SCALED_SEGMENT,SCAR,0.25,10,0.9994507363194233,0.9986940108152229,0.9944605616282954,0.9874276905403487,0.9929031341953094,0.9859477630653085,0.0007678080390432499,0.002743786364486664,0.009221814182947504,0.032678630645942154,0.006021145045663191,0.023476153660230932,0.0007567255042003618,0.007032871087946702,0.006955371130000887
SCALED_SEGMENT,SCAR,0.5,10,0.9989320817603644,0.9980478182498385,0.9942922321558818,0.9868481258910864,0.9813617178764386,0.9793031154644313,0.0012734210865545353,0.0021490141684485033,0.005829292549972643,0.016990888061567375,0.009361474579400038,0.019986917502282927,0.0008842635105259511,0.007444106264795414,0.002058602412007282
SCALED_SEGMENT,SCAR,0.75,10,0.9958609665680372,0.9944427439376934,0.9842414405698937,0.9789435658543255,0.9558727562976406,0.9611220695653463,0.00331752553129283,0.005022750545185322,0.00995572131197501,0.016169623822675814,0.017614005937573573,0.023186375771962524,0.0014182226303438572,0.005297874715568196,-0.005249313267705724
SCALED_SEGMENT,SAR,0.25,10,0.9994082236506479,0.9991369928238616,0.995874711016388,0.9940153228474756,0.9903853963696031,0.9859086794117167,0.0007090567137989245,0.0012873611705561635,0.0059137590282864055,0.010395313168536447,0.007382217909429954,0.016789032958120696,0.00027123082678626176,0.0018593881689124014,0.0044767169578864285
SCALED_SEGMENT,SAR,0.5,10,0.9994184266911541,0.9984550896167057,0.9953432599458287,0.9908924030168823,0.983873380106307,0.9778381511333581,0.0005846270874213785,0.002034095040301468,0.006404487235406554,0.015865677030924685,0.009201752601889103,0.02681209092342545,0.0009633370744484004,0.004450856928946423,0.006035228972948836
SCALED_SEGMENT,SAR,0.75,10,0.9965122606536749,0.9949682005237561,0.984690169613453,0.9823673977979649,0.9595705596868548,0.9631177118682078,0.0035760223459274133,0.004816264563071509,0.010360626332698524,0.016743067119714183,0.022389550560851627,0.028651043333058016,0.0015440601299188117,0.0023227718154881227,-0.0035471521813530416
SCALED_SEISMIC,SCAR,0.25,10,0.627367139959432,0.71863015551048,0.16897175705291392,0.18096564285553224,0.2810687436863162,0.29697782387043103,0.032407914326285266,0.037234147569189066,0.027253958243904263,0.034985064300402116,0.04311402914566701,0.032749491616224854,-0.09126301555104799,-0.011993885802618315,-0.015909080184114854
SCALED_SEISMIC,SCAR,0.5,10,0.5909506423258959,0.7004043272481406,0.14646678172840688,0.17854114310767955,0.24603992402015057,0.29914117894472886,0.047359863818984965,0.05274139653904908,0.03638322904988155,0.03958926122627531,0.0517263654109084,0.042957440165151406,-0.10945368492224472,-0.032074361379272665,-0.05310125492457829
SCALED_SEISMIC,SCAR,0.75,10,0.5628343475321163,0.7004651791751183,0.11737763262580796,0.17813835911312786,0.1920365925528545,0.2988333211398442,0.09139559123397044,0.055626872692537584,0.046167179375338624,0.044641772732389486,0.055508249374511265,0.041455370098007836,-0.13763083164300205,-0.06076072648731991,-0.10679672858698969
SCALED_SEISMIC,SAR,0.25,10,0.6255064232589588,0.7150507099391481,0.16691696521639737,0.18052797878240412,0.26436050359920993,0.30064319537374706,0.0316846487850247,0.024024661281872084,0.019461880869972865,0.03568846491070066,0.0443684941574127,0.03776957785673514,-0.08954428668018932,-0.013611013566006747,-0.036282691774537135
SCALED_SEISMIC,SAR,0.5,10,0.5754536849222447,0.7158526031102096,0.13343884995085226,0.1862955021356371,0.20868201861623673,0.30711781801518334,0.06097827292841434,0.03676264500375029,0.04016811185997118,0.044660788371337065,0.047911652468842866,0.05676895033127329,-0.1403989181879649,-0.05285665218478483,-0.09843579939894662
SCALED_SEISMIC,SAR,0.75,10,0.47112778904665314,0.6444273157538878,0.08550406120534418,0.16428518543148482,0.15149306879220845,0.27571262150549203,0.053938939001755504,0.05604493183798362,0.024687761628153018,0.029624267023968136,0.03328874257583496,0.05060913631254706,-0.17329952670723464,-0.07878112422614064,-0.12421955271328358
SCALED_SHUTTLE,SCAR,0.25,10,0.9949174234330485,0.9895970589981007,0.972060398924004,0.9540678059793537,0.9895665464069378,0.9676697594387956,0.005545454717465338,0.009081036631908223,0.02550973876188902,0.02485718818647587,0.006061908139737935,0.010408464057374564,0.005320364434947766,0.017992592944650276,0.021896786968142123
SCALED_SHUTTLE,SCAR,0.5,10,0.9877886099240266,0.987927721391263,0.9753020754551665,0.9571798718808816,0.9846895942011946,0.9728325190478386,0.02295241593772263,0.017920663527118248,0.02478032759488536,0.027944382380269014,0.010801855530431198,0.011015762326452093,-0.00013911146723633028,0.018122203574284845,0.01185707515335599
SCALED_SHUTTLE,SCAR,0.75,10,0.9814443850902185,0.9803058968423551,0.9713246115552654,0.9473752558104683,0.9824590073696392,0.9636608809451065,0.015769301990566635,0.015872734243105372,0.018777773366581027,0.030762261524468013,0.01194743795610835,0.02788645620083759,0.001138488247863334,0.023949355744797063,0.018798126424532713
SCALED_SHUTTLE,SAR,0.25,10,0.9838986823361824,0.9787096391263057,0.9759344185699584,0.9444349500711418,0.9830409572524035,0.9592012865542594,0.022076302829271713,0.019534573423944716,0.02474962969430395,0.03841775774756746,0.012483261988723227,0.018049542820770977,0.005189043209876676,0.031499468498816685,0.023839670698144078
SCALED_SHUTTLE,SAR,0.5,10,0.9841561312915479,0.9756603157644825,0.9693816874219605,0.9500054237936894,0.9782810282923821,0.9698733383045216,0.012387029237099462,0.01642813805056927,0.022795619622052406,0.027757398189697965,0.010049922407008267,0.009822305390701747,0.008495815527065353,0.019376263628271162,0.008407689987860456
SCALED_SHUTTLE,SAR,0.75,10,0.9739531398385566,0.9698309888414055,0.9646229957727813,0.947827201844883,0.9766414129997674,0.9740588741184171,0.02012099448504365,0.015885734152113258,0.023153755254247756,0.02484387653147311,0.009992584279052653,0.009007850258618182,0.004122150997151075,0.016795793927898317,0.0025825388813502936
SCALED_THYROID,SCAR,0.25,10,0.9947593167701863,0.993848667184265,0.9155444187561746,0.8119461175532665,0.8917732249323282,0.8196151021084102,0.009639569538132914,0.008348502274135429,0.04211077957025289,0.11583891053356131,0.03203225145290069,0.08766472288280434,0.0009106495859212416,0.10359830120290814,0.07215812282391809
SCALED_THYROID,SCAR,0.5,10,0.9853163819875776,0.9943031832298137,0.8809527827133732,0.8397718733259536,0.8614517979940954,0.8238990078373067,0.022989175991332333,0.0066561382739655115,0.050367466837332724,0.08338820358217544,0.06162463048172002,0.06431436825320667,-0.008986801242236053,0.041180909387419584,0.037552790156788696
SCALED_THYROID,SCAR,0.75,10,0.9038156702898551,0.9834643504140788,0.7528414040517887,0.7584020957681419,0.760985941224278,0.7578523674785732,0.22538618853075768,0.015884948561829332,0.18337727200671966,0.13136950027690222,0.14260151606368407,0.12606346884665934,-0.07964868012422366,-0.0055606917163532055,0.0031335737457047763
SCALED_THYROID,SAR,0.25,10,0.9923718944099379,0.9913366977225673,0.885486518419183,0.7587555478678392,0.8737337972302667,0.7916765920973345,0.015347940095952842,0.007203894136228471,0.08208674027455996,0.08496145552486419,0.07481925899233584,0.0738082168906731,0.0010351966873706209,0.12673097055134386,0.08205720513293213
SCALED_THYROID,SAR,0.5,10,0.9729360766045548,0.992085597826087,0.8442501337679731,0.8142599671627989,0.8196484885952936,0.8151751955615214,0.04812539320274074,0.009812579894622336,0.11146603488051192,0.1003656326395399,0.09691965780526372,0.06456523609775829,-0.01914952122153213,0.029990166605174173,0.0044732930337721966
SCALED_THYROID,SAR,0.75,10,0.9197949016563147,0.9896593555900621,0.7484478043166587,0.7687368353074757,0.7318847056232475,0.7558660148326252,0.10463489995175047,0.004279693171248998,0.11541294888714092,0.04955056762561643,0.0893922218423413,0.06567981717686246,-0.0698644539337474,-0.020289030990817025,-0.023981309209377688
SCALED_YEAST,SCAR,0.25,10,0.9259436274509802,0.9075919117647059,0.7766779659771388,0.6586229412139005,0.7924799911764907,0.7278515886691459,0.040050309993398335,0.025216120609578323,0.08433570796259458,0.0947635620034757,0.05693557293381493,0.08793840116983506,0.01835171568627436,0.11805502476323826,0.0646284025073448
SCALED_YEAST,SCAR,0.5,10,0.9052328431372549,0.8999387254901962,0.6727397032674,0.6819868577172696,0.7513782546407619,0.7281246424310966,0.03809236078253991,0.03787256015818303,0.04894821731351604,0.07428564030646806,0.03656035829811771,0.07671453874038875,0.0052941176470587825,-0.009247154449869677,0.023253612209665264
SCALED_YEAST,SCAR,0.75,10,0.7505514705882353,0.8876041666666667,0.5288467039476822,0.640473075375889,0.565769063838798,0.7077606851550279,0.2524753716906239,0.04778713472324946,0.19652207708108743,0.07692523884902154,0.165850767786609,0.08946326940084323,-0.1370526960784314,-0.11162637142820686,-0.1419916213162299
SCALED_YEAST,SAR,0.25,10,0.9084436274509804,0.8989276960784313,0.7552034093111828,0.6489195740815181,0.7781636562783436,0.7112562455796745,0.04699812865177009,0.030263987734945576,0.07006750544649142,0.0843872212603878,0.043097694126243334,0.06542004914522681,0.009515931372549136,0.10628383522966467,0.06690741069866912
SCALED_YEAST,SAR,0.5,10,0.8826286764705882,0.8834313725490196,0.7182076236357293,0.6543122009036271,0.7378881828425031,0.6845561161834381,0.0353991262934707,0.04946879570685345,0.06193216895093735,0.12123430970115487,0.060144681347941,0.08638160880514767,-0.0008026960784314197,0.06389542273210225,0.05333206665906498
SCALED_YEAST,SAR,0.75,10,0.7914950980392157,0.8515931372549019,0.5457025027720914,0.6295675511100274,0.5835478540006104,0.6795435870779777,0.08808590464962653,0.06779859530863014,0.1503933497850608,0.1493953751556933,0.14535508550917844,0.1077183947135564,-0.06009803921568624,-0.08386504833793595,-0.0959957330773673
