run,dataset,pu_ratio,labeling_mechanism,roc_auc,ap,f1,f1_pos,f1_neg,f1_macro,f1_pos_prior,f1_neg_prior,f1_macro_prior
0,SCALED_THYROID,0.75,SCAR,0.9935947204968945,0.7692973316852562,0.8275862068965518,0.8,0.9950203712086917,0.8975101856043459,0.7857142857142857,0.9945652173913043,0.890139751552795
1,SCALED_THYROID,0.75,SCAR,0.9842132505175983,0.8757409924839616,0.8518518518518519,0.6956521739130435,0.9936880072137061,0.8446700905633748,0.8214285714285714,0.9954710144927537,0.9084497929606625
2,SCALED_THYROID,0.75,SCAR,0.9964415113871635,0.8858432797667661,0.896551724137931,0.8148148148148148,0.995475113122172,0.9051449639684934,0.8571428571428571,0.9963768115942029,0.9267598343685299
3,SCALED_THYROID,0.75,SCAR,0.9741847826086956,0.7861171754946185,0.7843137254901961,0.7083333333333334,0.9936823104693141,0.8510078219013237,0.75,0.9936594202898551,0.8718297101449275
4,SCALED_THYROID,0.75,SCAR,0.9806709368530021,0.7042548415204442,0.6666666666666667,0.5128205128205128,0.9914606741573033,0.752140593488908,0.5714285714285714,0.9891304347826086,0.78027950310559
5,SCALED_THYROID,0.75,SCAR,0.9618918219461698,0.7190343026468955,0.7272727272727273,0.6666666666666666,0.9927797833935018,0.8297232250300842,0.7142857142857143,0.9927536231884058,0.8535196687370601
6,SCALED_THYROID,0.75,SCAR,0.2641692546583851,0.2621724013024589,0.4,0.014692378328741965,0.08680851063829788,0.050750444483519924,0.25,0.9809782608695652,0.6154891304347826
7,SCALED_THYROID,0.75,SCAR,0.9790696169772257,0.8425368843365334,0.8275862068965518,0.723404255319149,0.9941362201172756,0.8587702377182123,0.8214285714285714,0.9954710144927537,0.9084497929606625
8,SCALED_THYROID,0.75,SCAR,0.9662590579710145,0.8553743878669811,0.8363636363636364,0.8,0.995483288166215,0.8977416440831075,0.8214285714285714,0.9954710144927537,0.9084497929606625
9,SCALED_THYROID,0.75,SCAR,0.9376617494824017,0.828042443413971,0.7916666666666667,0.7659574468085106,0.9950383400992332,0.8804978934538719,0.75,0.9936594202898551,0.8718297101449275
