run,dataset,pu_ratio,labeling_mechanism,roc_auc,ap,f1
0,SCALED_SEGMENT,0.25,SAR,0.9998809645274291,0.9992791986592084,0.99
1,SCALED_SEGMENT,0.25,SAR,0.9993708125021257,0.9954213273320012,0.99
2,SCALED_SEGMENT,0.25,SAR,0.9980104071013162,0.991413004521394,0.9795918367346939
3,SCALED_SEGMENT,0.25,SAR,1.0,0.9999999999999997,1.0
4,SCALED_SEGMENT,0.25,SAR,1.0,0.9999999999999999,1.0
5,SCALED_SEGMENT,0.25,SAR,0.9999659898649798,0.9997969594939291,0.9949748743718593
6,SCALED_SEGMENT,0.25,SAR,0.9996428935822875,0.9978873431079911,0.9795918367346939
7,SCALED_SEGMENT,0.25,SAR,0.9998469543924089,0.999117707689136,0.9849246231155778
8,SCALED_SEGMENT,0.25,SAR,0.9988096452742918,0.9947118574855801,0.989795918367347
9,SCALED_SEGMENT,0.25,SAR,0.99855456926164,0.98111971187464,0.9949748743718593
