run,dataset,pu_ratio,labeling_mechanism,acc,roc_auc,rprecision,precision,recall,ap,f1,n,features,P,U,U_pos,test,test_pos,est_prior,true_prior,pl_f1,pl_prec,pl_recall
0,SCALED_COVER,0.25,SCAR,0.998,0.9991919191919192,0.8666666666666667,0.875,0.9333333333333333,0.8596577496577497,0.9090909090909091,5000,10,26,3474,9,1500,15,0.0028785261945883708,0.0025906735751295338,0.7368421052631579,0.7,0.7777777777777778
1,SCALED_COVER,0.25,SCAR,0.9986666666666667,0.9800224466891133,0.9333333333333333,1.0,0.8666666666666667,0.9355072463768116,0.9655172413793104,5000,10,26,3474,9,1500,15,0.0025906735751295338,0.0025906735751295338,0.7777777777777778,0.7777777777777778,0.7777777777777778
2,SCALED_COVER,0.25,SCAR,0.996,0.9988776655443322,0.8666666666666667,0.7647058823529411,0.8666666666666667,0.9173826173826173,0.896551724137931,5000,10,26,3474,9,1500,15,0.0028785261945883708,0.0025906735751295338,0.7368421052631579,0.7,0.7777777777777778
3,SCALED_COVER,0.25,SCAR,0.9993333333333333,0.9998204264870931,0.9333333333333333,0.9375,1.0,0.9814987789987789,0.967741935483871,5000,10,26,3474,9,1500,15,0.0025906735751295338,0.0025906735751295338,0.6666666666666666,0.6666666666666666,0.6666666666666666
4,SCALED_COVER,0.25,SCAR,0.9993333333333333,0.9996408529741863,0.9333333333333333,0.9375,1.0,0.9558085433085433,0.967741935483871,5000,10,26,3474,9,1500,15,0.003742084052964882,0.0025906735751295338,0.7272727272727273,0.6153846153846154,0.8888888888888888
5,SCALED_COVER,0.25,SCAR,0.9966666666666667,0.9989674523007855,0.8666666666666667,0.7777777777777778,0.9333333333333333,0.8534285597443493,0.9032258064516129,5000,10,26,3474,9,1500,15,0.0031663788140472078,0.0025906735751295338,0.8,0.7272727272727273,0.8888888888888888
6,SCALED_COVER,0.25,SCAR,0.13333333333333333,0.8760493827160495,0.8666666666666667,0.010662604722010662,0.9333333333333333,0.8393897656173642,0.8666666666666667,5000,10,26,3474,9,1500,15,0.8759355210132412,0.0025906735751295338,0.005242463958060288,0.0026289845547157412,0.8888888888888888
7,SCALED_COVER,0.25,SCAR,0.31533333333333335,0.9560718294051627,0.8666666666666667,0.014395393474088292,1.0,0.8912855136966812,0.9032258064516129,5000,10,26,3474,9,1500,15,0.6776050662061025,0.0025906735751295338,0.006771053745239103,0.0033984706881903144,0.8888888888888888
8,SCALED_COVER,0.25,SCAR,0.998,0.9987429854096521,0.9333333333333333,0.875,0.9333333333333333,0.9526984126984127,0.9333333333333333,5000,10,26,3474,9,1500,15,0.0025906735751295338,0.0025906735751295338,0.6666666666666666,0.6666666666666666,0.6666666666666666
9,SCALED_COVER,0.25,SCAR,0.5433333333333333,0.9063973063973064,0.7333333333333333,0.02005730659025788,0.9333333333333333,0.7412570096649207,0.846153846153846,5000,10,26,3474,9,1500,15,0.4703511801957398,0.0025906735751295338,0.009738283627510651,0.004895960832313341,0.8888888888888888
