run,dataset,pu_ratio,labeling_mechanism,acc,roc_auc,rprecision,precision,recall,ap,f1,f1_pos,f1_neg,f1_macro,f1_pos_prior,f1_neg_prior,f1_macro_prior,prior,prior_threshold,n,features,P,U,U_pos,test,test_pos,est_prior,true_prior,pl_f1,pl_prec,pl_recall
0,SCALED_CLIMATE,0.75,SCAR,0.18518518518518517,0.41167953667953666,0.21428571428571427,0.05303030303030303,0.5,0.20741281658338429,0.25,0.0958904109589041,0.25842696629213485,0.17715868862551948,0.21428571428571427,0.9256756756756757,0.5699806949806949,0.08465608209371567,0.9654842615127563,540,20,8,370,24,162,14,0.8378378378378378,0.06486486486486487,0.08383233532934131,0.04516129032258064,0.5833333333333334
1,SCALED_CLIMATE,0.75,SCAR,0.5802469135802469,0.45801158301158296,0.14285714285714285,0.05,0.21428571428571427,0.102780475674693,0.18181818181818182,0.08108108108108109,0.728,0.40454054054054056,0.14285714285714285,0.918918918918919,0.5308880308880309,0.08465608209371567,0.9470785856246948,540,20,8,370,24,162,14,0.44594594594594594,0.06486486486486487,0.1164021164021164,0.06666666666666667,0.4583333333333333
2,SCALED_CLIMATE,0.75,SCAR,0.2654320987654321,0.3484555984555985,0.07142857142857142,0.06611570247933884,0.5714285714285714,0.06926296886575753,0.16,0.11851851851851852,0.37037037037037035,0.24444444444444444,0.07142857142857142,0.9121621621621622,0.4917953667953668,0.08465608209371567,0.9765899777412415,540,20,8,370,24,162,14,0.7756756756756756,0.06486486486486487,0.0707395498392283,0.03832752613240418,0.4583333333333333
3,SCALED_CLIMATE,0.75,SCAR,0.32098765432098764,0.43050193050193053,0.0,0.05555555555555555,0.42857142857142855,0.08221379098984326,0.18181818181818182,0.09836065573770492,0.45544554455445546,0.2769031001460802,0.0,0.9054054054054054,0.4527027027027027,0.08465608209371567,0.9710728526115417,540,20,8,370,24,162,14,0.6864864864864865,0.06486486486486487,0.05755395683453238,0.031496062992125984,0.3333333333333333
4,SCALED_CLIMATE,0.75,SCAR,0.25308641975308643,0.2750965250965251,0.07142857142857142,0.05785123966942149,0.5,0.06215207347266992,0.16091954022988506,0.1037037037037037,0.35978835978835977,0.23174603174603173,0.07142857142857142,0.9121621621621622,0.4917953667953668,0.08465608209371567,0.9658004641532898,540,20,8,370,24,162,14,0.7783783783783784,0.06486486486486487,0.08333333333333333,0.04513888888888889,0.5416666666666666
5,SCALED_CLIMATE,0.75,SCAR,0.20987654320987653,0.32094594594594594,0.07142857142857142,0.06153846153846154,0.5714285714285714,0.06818263640025767,0.16,0.1111111111111111,0.28888888888888886,0.19999999999999998,0.07142857142857142,0.9121621621621622,0.4917953667953668,0.08465608209371567,0.9614577889442444,540,20,8,370,24,162,14,0.7108108108108108,0.06486486486486487,0.08362369337979095,0.045627376425855515,0.5
6,SCALED_CLIMATE,0.75,SCAR,0.25308641975308643,0.5526061776061776,0.14285714285714285,0.09774436090225563,0.9285714285714286,0.1775106484637201,0.23529411764705882,0.17687074829931973,0.3163841807909605,0.24662746454514012,0.14285714285714285,0.918918918918919,0.5308880308880309,0.08465608209371567,0.977153480052948,540,20,8,370,24,162,14,0.845945945945946,0.06486486486486487,0.0830860534124629,0.04472843450479233,0.5833333333333334
7,SCALED_CLIMATE,0.75,SCAR,0.7654320987654321,0.6254826254826256,0.07142857142857142,0.1,0.21428571428571427,0.12092986340826528,0.21739130434782608,0.13636363636363635,0.8642857142857143,0.5003246753246753,0.07142857142857142,0.9121621621621622,0.4917953667953668,0.08465608209371567,0.9506469964981079,540,20,8,370,24,162,14,0.27297297297297296,0.06486486486486487,0.08,0.04950495049504951,0.20833333333333334
8,SCALED_CLIMATE,0.75,SCAR,0.3888888888888889,0.1554054054054054,0.0,0.011494252873563218,0.07142857142857142,0.05320684316858392,0.16568047337278105,0.019801980198019802,0.5560538116591929,0.28792789592860635,0.0,0.9054054054054054,0.4527027027027027,0.08465608209371567,0.9495070576667786,540,20,8,370,24,162,14,0.572972972972973,0.06486486486486487,0.06779661016949153,0.03773584905660377,0.3333333333333333
9,SCALED_CLIMATE,0.75,SCAR,0.3333333333333333,0.40492277992277986,0.14285714285714285,0.07272727272727272,0.5714285714285714,0.08817675354281702,0.17391304347826086,0.12903225806451613,0.46,0.2945161290322581,0.14285714285714285,0.918918918918919,0.5308880308880309,0.08465608209371567,0.9589568376541138,540,20,8,370,24,162,14,0.6891891891891891,0.06486486486486487,0.07885304659498207,0.043137254901960784,0.4583333333333333
